"BROKEN","EPIC","FAILED","FEATURE","PASSED","SKIPPED","STORY","UNKNOWN"
"1","Таблица компании","0","","0","0","Получить новую компанию","0"
"0","Таблица продукты","0","","2","0","Создание продукта","0"
"0","Таблица компании","0","","1","0","Добавить новую компанию","0"
"0","Таблица продукты","0","","1","0","Удаление продукта","0"
"0","Таблица продукты","0","","1","0","Редактирование продукта","0"
"1","Таблица компании","0","","0","0","Удалить компанию","0"
"0","Таблица продукты","0","","1","0","Получение списка","0"
"0","Таблица компании","0","","1","0","Получить список активных компаний","0"
"1","Таблица компании","0","","0","0","Редактировать компанию","0"
"0","Таблица компании","0","","1","0","Получить список компаний","0"
