"DESCRIPTION","DURATION IN MS","NAME","PARENT SUITE","START TIME","STATUS","STOP TIME","SUB SUITE","SUITE","TEST CLASS","TEST METHOD"
"","168","test_get_one_company","09_lesson","2026-08-20","broken","2026-08-20","","test_company_table","",""
"","1","test_add_new_product","09_lesson","2026-08-20","passed","2026-08-20","","test_products_table","",""
"","2","test_create_product","09_lesson","2026-08-20","passed","2026-08-20","","test_products_table","",""
"","978","test_add_new","09_lesson","2026-08-20","passed","2026-08-20","","test_company_table","",""
"","2","test_delete_product","09_lesson","2026-08-20","passed","2026-08-20","","test_products_table","",""
"","2","test_edit","09_lesson","2026-08-20","passed","2026-08-20","","test_products_table","",""
"","149","test_delete","09_lesson","2026-08-20","broken","2026-08-20","","test_company_table","",""
"","20","test_get_products_list","09_lesson","2026-08-20","passed","2026-08-20","","test_products_table","",""
"","501","test_get_active_companies","09_lesson","2026-08-20","passed","2026-08-20","","test_company_table","",""
"","168","test_edit","09_lesson","2026-08-20","broken","2026-08-20","","test_company_table","",""
"","2048","test_get_companies","09_lesson","2026-08-20","passed","2026-08-20","","test_company_table","",""
